Plant,qbar,vlow,vup,v0,efficiency
H1,220,120,792,0.5,0.178645
H2,236,11,11,0,0.244686
H3,585,304,304,0,0.350193
H4,1688,5733,22950,0.6,0.748479
H5,5220,1540,4040,0.5,0.315981
H6,2028,1423,1423,0,0.562731
H7,1076,450,450,0,0.404259
H8,1480,480,480,0,0.154781
H9,1584,2244,2244,0,0.247221
H10,1988,1524,1524,0,0.203826
H11,94,51,555,0.5,0.775442
H12,148,14,14,0,0.746079
H13,178,25,25,0,0.20645
H14,2944,890,6150,0.3,0.466867
H15,2958,5856,11025,0.3,0.456953