Plant,qbar,vlow,vup,v0,efficiency
H1,220,120,792,0.5,0.178645
H2,585,304,304,0,0.350193
H3,1688,5733,22950,0.6,0.748479
H4,5220,1540,4040,0.5,0.315981
H5,2028,1423,1423,0,0.562731
H6,1480,480,480,0,0.154781
H7,1584,2244,2244,0,0.247221
H8,1988,1524,1524,0,0.203826
H9,94,51,555,0.5,0.775442
H10,148,14,14,0,0.746079
H11,2944,890,6150,0.3,0.466867
H12,2958,5856,11025,0.3,0.456953